rowid;name;force;level;mechanic;equipment;primaryMuscles;secondaryMuscles;instructions;category;images;id
5;Adductor;static;intermediate;isolation;foam roll;"[""adductors""]";[];"[""Lie face down with one leg on a foam roll.""; ""Rotate the leg so that the foam roll contacts against your inner thigh. Shift as much weight onto the foam roll as can be tolerated.""; ""While trying to relax the muscles if the inner thigh; roll over the foam between your hip and knee; holding points of tension for 10-30 seconds. Repeat with the other leg.""]";stretching;"[""Adductor/0.jpg""; ""Adductor/1.jpg""]";Adductor
6;Adductor/Groin;static;intermediate;;;"[""adductors""]";[];"[""Lie on your back with your feet raised towards the ceiling.""; ""Have your partner hold your feet or ankles. Abduct your legs as far as you can. This will be your starting position.""; ""Attempt to squeeze your legs together for 10 or more seconds; while your partner prevents you from doing so.""; ""Now; relax the muscles in your legs as your partner pushes your feet apart; stretching as far as is comfortable for you. Be sure to let your partner know when the stretch is adequate to prevent overstretching or injury.""]";stretching;"[""Adductor_Groin/0.jpg""; ""Adductor_Groin/1.jpg""]";Adductor_Groin
9;All Fours Quad Stretch;static;intermediate;;body only;"[""quadriceps""]";"[""quadriceps""]";"[""Start off on your hands and knees; then lift your leg off the floor and hold the foot with your hand.""; ""Use your hand to hold the foot or ankle; keeping the knee fully flexed; stretching the quadriceps and hip flexors.""; ""Focus on extending your hips; thrusting them towards the floor. Hold for 10-20 seconds and then switch sides.""]";stretching;"[""All_Fours_Quad_Stretch/0.jpg""; ""All_Fours_Quad_Stretch/1.jpg""]";All_Fours_Quad_Stretch
22;Ankle On The Knee;static;beginner;;;"[""glutes""]";[];"[""From a lying position; bend your knees and keep your feet on the floor.""; ""Place your ankle of one foot on your opposite knee.""; ""Grasp the thigh or knee of the bottom leg and pull both of your legs into the chest. Relax your neck and shoulders. Hold for 10-20 seconds and then switch sides.""]";stretching;"[""Ankle_On_The_Knee/0.jpg""; ""Ankle_On_The_Knee/1.jpg""]";Ankle_On_The_Knee
23;Anterior Tibialis-SMR;static;intermediate;;other;"[""calves""]";[];"[""Begin seated on the ground with your legs bent and your feet on the floor.""; ""Using a Muscle Roller or a rolling pin; apply pressure to the muscles on the outside of your shins. Work from just below the knee to above the ankle; pausing at points of tension for 10-30 seconds. Repeat on the other leg.""]";stretching;"[""Anterior_Tibialis-SMR/0.jpg""; ""Anterior_Tibialis-SMR/1.jpg""]";Anterior_Tibialis-SMR
70;Behind Head Chest Stretch;static;expert;isolation;other;"[""chest""]";"[""shoulders""]";"[""Sit upright on the floor with your partner behind you.""; ""Place your hands behind your hand; and push your elbows back as far as you can. Your partner should hold your elbows. This will be your starting position.""; ""Gently attempt to pull your elbows forward with your hands still behind your head for 10 or more seconds. Your partner should prevent your elbows from moving.""; ""Now; relax your muscles and have your partner gently pull the elbows back as far as it comfortable for you. Be sure to let your partner know when the stretch is adequate to prevent overstretching or injury.""]";stretching;"[""Behind_Head_Chest_Stretch/0.jpg""; ""Behind_Head_Chest_Stretch/1.jpg""]";Behind_Head_Chest_Stretch
105;Brachialis-SMR;static;intermediate;;foam roll;"[""biceps""]";[];"[""Lie on your side; with your upper arm against the foam roller. The upper arm should be more or less aligned with your body; with the outside of the bicep pressed against the foam roller.""; ""Raise your hips off of the floor; supporting your weight on your arm and on your feet. Hold for 10-30 seconds; and then switch sides.""]";stretching;"[""Brachialis-SMR/0.jpg""; ""Brachialis-SMR/1.jpg""]";Brachialis-SMR
139;Calf Stretch Elbows Against Wall;static;beginner;isolation;;"[""calves""]";[];"[""Stand facing a wall from a couple feet away.""; ""Lean against the wall; placing your weight on your forearms.""; ""Attempt to keep your heels on the ground. Hold for 10-20 seconds. You may move further or closer the wall; making it more or less difficult; respectively.""]";stretching;"[""Calf_Stretch_Elbows_Against_Wall/0.jpg""; ""Calf_Stretch_Elbows_Against_Wall/1.jpg""]";Calf_Stretch_Elbows_Against_Wall
140;Calf Stretch Hands Against Wall;static;beginner;isolation;;"[""calves""]";[];"[""Stand facing a wall from several feet away. Stagger your stance; placing one foot forward.""; ""Lean forward and rest your hands on the wall; keeping your heel; hip and head in a straight line.""; ""Attempt to keep your heel on the ground. Hold for 10-20 seconds and then switch sides.""]";stretching;"[""Calf_Stretch_Hands_Against_Wall/0.jpg""; ""Calf_Stretch_Hands_Against_Wall/1.jpg""]";Calf_Stretch_Hands_Against_Wall
141;Calves-SMR;static;intermediate;;foam roll;"[""calves""]";[];"[""Begin seated on the floor. Place a foam roller underneath your lower leg. Your other leg can either be crossed over the opposite or be placed on the floor; supporting some of your weight. This will be your starting position.""; ""Place your hands to your side or just behind you; and press down to raise your hips off of the floor; placing much of your weight against your calf muscle. Roll from below the knee to above the ankle; pausing at points of tension for 10-30 seconds. Repeat for the other leg.""]";stretching;"[""Calves-SMR/0.jpg""; ""Calves-SMR/1.jpg""]";Calves-SMR
145;Cat Stretch;static;beginner;;;"[""lower back""]";"[""middle back""; ""traps""]";"[""Position yourself on the floor on your hands and knees.""; ""Pull your belly in and round your spine; lower back; shoulders; and neck; letting your head drop.""; ""Hold for 15 seconds.""]";stretching;"[""Cat_Stretch/0.jpg""; ""Cat_Stretch/1.jpg""]";Cat_Stretch
149;Chair Leg Extended Stretch;static;beginner;isolation;other;"[""hamstrings""]";"[""adductors""]";"[""Sit upright in a chair and grip the seat on the sides.""; ""Raise one leg; extending the knee; flexing the ankle as you do so.""; ""Slowly move that leg outward as far as you can; and then back to the center and down.""; ""Repeat for your other leg.""]";stretching;"[""Chair_Leg_Extended_Stretch/0.jpg""; ""Chair_Leg_Extended_Stretch/1.jpg""]";Chair_Leg_Extended_Stretch
150;Chair Lower Back Stretch;static;beginner;isolation;;"[""lats""]";"[""lower back""]";"[""Sit upright on a chair.""; ""Bend to one side with your arm over your head. You can hold onto the chair with your free hand.""; ""Hold for 10 seconds; and repeat for your other side.""]";stretching;"[""Chair_Lower_Back_Stretch/0.jpg""; ""Chair_Lower_Back_Stretch/1.jpg""]";Chair_Lower_Back_Stretch
152;Chair Upper Body Stretch;static;beginner;;other;"[""shoulders""]";"[""biceps""; ""chest""]";"[""Sit on the edge of a chair; gripping the back of it.""; ""Straighten your arms; keeping your back straight; and pull your upper body forward so you feel a stretch. Hold for 20-30 seconds.""]";stretching;"[""Chair_Upper_Body_Stretch/0.jpg""; ""Chair_Upper_Body_Stretch/1.jpg""]";Chair_Upper_Body_Stretch
153;Chest And Front Of Shoulder Stretch;static;beginner;isolation;other;"[""chest""]";"[""shoulders""]";"[""Start off by standing with your legs together; holding a bodybar or a broomstick.""; ""Take a slightly wider than shoulder width grip on the pole and hold it in front of you with your palms facing down.""; ""Carefully lift the pole up and behind your head.""]";stretching;"[""Chest_And_Front_Of_Shoulder_Stretch/0.jpg""; ""Chest_And_Front_Of_Shoulder_Stretch/1.jpg""]";Chest_And_Front_Of_Shoulder_Stretch
158;Chest Stretch on Stability Ball;static;beginner;isolation;exercise ball;"[""chest""]";[];"[""Get on your hands and knees next to an exercise ball.""; ""Place your elbows on top of the ball; keeping your arm out to your side. This will be your starting position.""; ""Lower your torso towards the floor; keeping your elbow on top of the ball. Hold the stretch for 20-30 seconds; and repeat with the other arm.""]";stretching;"[""Chest_Stretch_on_Stability_Ball/0.jpg""; ""Chest_Stretch_on_Stability_Ball/1.jpg""]";Chest_Stretch_on_Stability_Ball
159;Child's Pose;static;beginner;;;"[""lower back""]";"[""glutes""; ""middle back""]";"[""Get on your hands and knees; walk your hands in front of you.""; ""Lower your buttocks down to sit on your heels. Let your arms drag along the floor as you sit back to stretch your entire spine.""; ""Once you settle onto your heels; bring your hands next to your feet and relax. \""breathe\"" into your back. Rest your forehead on the floor. Avoid this position if you have knee problems.""]";stretching;"[""Childs_Pose/0.jpg""; ""Childs_Pose/1.jpg""]";Childs_Pose
161;Chin To Chest Stretch;static;beginner;;;"[""neck""]";"[""traps""]";"[""Get into a seated position on the floor.""; ""Place both hands at the rear of your head; fingers interlocked; thumbs pointing down and elbows pointing straight ahead. Slowly pull your head down to your chest. Hold for 20-30 seconds.""]";stretching;"[""Chin_To_Chest_Stretch/0.jpg""; ""Chin_To_Chest_Stretch/1.jpg""]";Chin_To_Chest_Stretch
186;Crucifix;static;beginner;isolation;other;"[""shoulders""]";"[""forearms""]";"[""In the crucifix; you statically hold weights out to the side for time. While the event can be practiced using dumbbells; it is best to practice with one of the various implements used; such as axes and hammers; as it feels different.""; ""Begin standing; and raise your arms out to the side holding the implements. Your arms should be parallel to the ground. In competition; judges or sensors are used to let you know when you break parallel. Hold for as long as you can. Typically; the weights should be heavy enough that you fail in 30-60 seconds.""]";strongman;"[""Crucifix/0.jpg""; ""Crucifix/1.jpg""]";Crucifix
191;Dancer's Stretch;static;beginner;;;"[""lower back""]";"[""abductors""; ""glutes""]";"[""Sit up on the floor.""; ""Cross your right leg over your left; keeping the knee bent. Your left leg is straight and down on the floor.""; ""Place your left arm on your right leg and your right hand on the floor.""; ""Rotate your upper body to the right; and hold for 10-20 seconds. Switch sides.""]";stretching;"[""Dancers_Stretch/0.jpg""; ""Dancers_Stretch/1.jpg""]";Dancers_Stretch
218;Downward Facing Balance;static;intermediate;isolation;exercise ball;"[""glutes""]";"[""abdominals""; ""hamstrings""]";"[""Lie facedown on top of an exercise ball.""; ""While resting on your stomach on the ball; walk your hands forward along the floor and lift your legs; extending your elbows and knees.""]";strength;"[""Downward_Facing_Balance/0.jpg""; ""Downward_Facing_Balance/1.jpg""]";Downward_Facing_Balance
257;Elbows Back;static;beginner;isolation;;"[""chest""]";"[""shoulders""]";"[""Stand up straight.""; ""Place both hands on your lower back; fingers pointing downward and elbows out.""; ""Then gently pull your elbows back aiming to touch them together.""]";stretching;"[""Elbows_Back/0.jpg""; ""Elbows_Back/1.jpg""]";Elbows_Back
279;Foot-SMR;static;intermediate;;other;"[""calves""]";[];"[""This exercise stretches the fascia of the muscles in the feet. Start off seated with your shoes removed. Using a foot roller or a similar object; such as a small section of pvc pipe; place your foot against the roller across the arch of your foot. This will be your starting position.""; ""Press down firmly; rolling across the arch of your foot. Hold for 10-30 seconds; and then switch feet.""]";stretching;"[""Foot-SMR/0.jpg""; ""Foot-SMR/1.jpg""]";Foot-SMR
306;Groin and Back Stretch;static;intermediate;compound;;"[""adductors""]";[];"[""Sit on the floor with your knees bent and feet together.""; ""Interlock your fingers behind your head. This will be your starting position.""; ""Curl downwards; bringing your elbows to the inside of your thighs. After a brief pause; return to the starting position with your head up and your back straight. Repeat for 10-20 repetitions.""]";stretching;"[""Groin_and_Back_Stretch/0.jpg""; ""Groin_and_Back_Stretch/1.jpg""]";Groin_and_Back_Stretch
311;Hamstring-SMR;static;beginner;isolation;foam roll;"[""hamstrings""]";[];"[""In a seated position; extend your legs over a foam roll so that it is position on the back of the upper legs. Place your hands to the side or behind you to help support your weight. This will be your starting position.""; ""Using your hands; lift your hips off of the floor and shift your weight on the foam roll to one leg. Relax the hamstrings of the leg you are stretching.""; ""Roll over the foam from below the hip to above the back of the knee; pausing at points of tension for 10-30 seconds. Repeat for the other leg.""]";stretching;"[""Hamstring-SMR/0.jpg""; ""Hamstring-SMR/1.jpg""]";Hamstring-SMR
312;Hamstring Stretch;static;beginner;isolation;;"[""hamstrings""]";[];"[""Lie on your back with one leg extended above you; with the hip at ninety degrees. Keep the other leg flat on the floor.""; ""Loop a belt; band; or rope over the ball of your foot. This will be your starting position.""; ""Pull on the belt to create tension in the calves and hamstrings. Hold this stretch for 10-30 seconds; and repeat with the other leg.""]";stretching;"[""Hamstring_Stretch/0.jpg""; ""Hamstring_Stretch/1.jpg""]";Hamstring_Stretch
328;Hug A Ball;static;beginner;isolation;exercise ball;"[""lower back""]";"[""calves""; ""glutes""]";"[""Seat yourself on the floor.""; ""Straddle an exercise ball between both legs and lower your hips down toward the floor.""; ""Hug your arms around the ball to support your body. Adjust your legs so that your feet are flat on the floor and your knees line up over your ankles. Keep a good grip on the ball so it doesn't roll away from you and send you back onto your buttocks.""]";stretching;"[""Hug_A_Ball/0.jpg""; ""Hug_A_Ball/1.jpg""]";Hug_A_Ball
329;Hug Knees To Chest;static;beginner;;;"[""lower back""]";"[""glutes""]";"[""Lie down on your back and pull both knees up to your chest.""; ""Hold your arms under the knees; not over (that would put to much pressure on your knee joints).""; ""Slowly pull the knees toward your shoulders. This also stretches your buttocks muscles.""]";stretching;"[""Hug_Knees_To_Chest/0.jpg""; ""Hug_Knees_To_Chest/1.jpg""]";Hug_Knees_To_Chest
333;IT Band and Glute Stretch;static;intermediate;;other;"[""abductors""]";[];"[""Loop a belt; rope; or band around one of your feet; and swing that leg across your body to the opposite side; keeping the leg extended as you lay on the ground. This will be your starting position.""; ""Keeping your foot off of the floor; pull on the belt; using the tension to pull the toes up. Hold for 10-20 seconds; and repeat on the other side.""]";stretching;"[""IT_Band_and_Glute_Stretch/0.jpg""; ""IT_Band_and_Glute_Stretch/1.jpg""]";IT_Band_and_Glute_Stretch
334;Iliotibial Tract-SMR;static;intermediate;isolation;foam roll;"[""abductors""]";[];"[""Lay on your side; with the bottom leg placed onto a foam roller between the hip and the knee. The other leg can be crossed in front of you.""; ""Place as much of your weight as is tolerable onto your bottom leg; there is no need to keep your bottom leg in contact with the ground. Be sure to relax the muscles of the leg you are stretching.""; ""Roll your leg over the foam from you hip to your knee; pausing for 10-30 seconds at points of tension. Repeat with the opposite leg.""]";stretching;"[""Iliotibial_Tract-SMR/0.jpg""; ""Iliotibial_Tract-SMR/1.jpg""]";Iliotibial_Tract-SMR
353;Intermediate Groin Stretch;static;intermediate;isolation;other;"[""hamstrings""]";[];"[""Lie on your back with your legs extended. Loop a belt; rope; or band around one of your feet; and swing that leg as far to the side as you can. This will be your starting position.""; ""Pull gently on the belt to create tension in your groin and hamstring muscles. Hold for 10-20 seconds; and repeat on the other side.""]";stretching;"[""Intermediate_Groin_Stretch/0.jpg""; ""Intermediate_Groin_Stretch/1.jpg""]";Intermediate_Groin_Stretch
354;Intermediate Hip Flexor and Quad Stretch;static;intermediate;compound;other;"[""quadriceps""]";[];"[""Lie face down on the floor; with a rope; belt; or band looped around one foot.""; ""Flex the knee and extend the hip of the leg to be stretched; using both hands to pull on the belt. Your knee and your hip should come off of the floor; creating tension in the hip flexors and quadriceps. Hold the stretch for 10-20 seconds; and repeat on the other leg.""]";stretching;"[""Intermediate_Hip_Flexor_and_Quad_Stretch/0.jpg""; ""Intermediate_Hip_Flexor_and_Quad_Stretch/1.jpg""]";Intermediate_Hip_Flexor_and_Quad_Stretch
360;Isometric Chest Squeezes;static;beginner;compound;body only;"[""chest""]";"[""shoulders""; ""triceps""]";"[""While either seating or standing; bend your arms at a 90-degree angle and place the palms of your hands together in front of your chest. Tip: Your hands should be open with the palms together and fingers facing forward (perpendicular to your torso).""; ""Push both hands against each other as you contract your chest. Start with slow tension and increase slowly. Keep breathing normally as you execute this contraction.""; ""Hold for the recommended number of seconds.""; ""Now release the tension slowly.""; ""Rest for the recommended amount of time and repeat.""]";plyometrics;"[""Isometric_Chest_Squeezes/0.jpg""; ""Isometric_Chest_Squeezes/1.jpg""]";Isometric_Chest_Squeezes
361;Isometric Neck Exercise - Front And Back;static;beginner;isolation;body only;"[""neck""]";[];"[""With your head and neck in a neutral position (normal position with head erect facing forward); place both of your hands on the front side of your head.""; ""Now gently push forward as you contract the neck muscles but resisting any movement of your head. Start with slow tension and increase slowly. Keep breathing normally as you execute this contraction.""; ""Hold for the recommended number of seconds.""; ""Now release the tension slowly.""; ""Rest for the recommended amount of time and repeat with your hands placed on the back side of your head.""]";strength;"[""Isometric_Neck_Exercise_-_Front_And_Back/0.jpg""; ""Isometric_Neck_Exercise_-_Front_And_Back/1.jpg""]";Isometric_Neck_Exercise_-_Front_And_Back
362;Isometric Neck Exercise - Sides;static;beginner;isolation;body only;"[""neck""]";[];"[""With your head and neck in a neutral position (normal position with head erect facing forward); place your left hand on the left side of your head.""; ""Now gently push towards the left as you contract the left neck muscles but resisting any movement of your head. Start with slow tension and increase slowly. Keep breathing normally as you execute this contraction.""; ""Hold for the recommended number of seconds.""; ""Now release the tension slowly.""; ""Rest for the recommended amount of time and repeat with your right hand placed on the right side of your head.""]";strength;"[""Isometric_Neck_Exercise_-_Sides/0.jpg""; ""Isometric_Neck_Exercise_-_Sides/1.jpg""]";Isometric_Neck_Exercise_-_Sides
388;Knee Across The Body;static;beginner;;;"[""glutes""]";"[""abductors""; ""lower back""]";"[""Lie down on the floor with your right leg straight. Bend your left leg and lower it across your body; holding the knee down toward the floor with your right hand. (The knee doesn't need to touch the floor if you're tight.)""; ""Place your left arm comfortably beside you and turn your head to the left. Imagine you have a weight tied to your tailbone. let your tailbone fall back toward the floor as your chest reaches in the opposite direction to stretch your lower back. Switch sides.""]";stretching;"[""Knee_Across_The_Body/0.jpg""; ""Knee_Across_The_Body/1.jpg""]";Knee_Across_The_Body
395;Kneeling Forearm Stretch;static;beginner;isolation;;"[""forearms""]";[];"[""Start by kneeling on a mat with your palms flat and your fingers pointing back toward your knees.""; ""Slowly lean back keeping your palms flat on the floor until you feel a stretch in your wrists and forearms. Hold for 20-30 seconds.""]";stretching;"[""Kneeling_Forearm_Stretch/0.jpg""; ""Kneeling_Forearm_Stretch/1.jpg""]";Kneeling_Forearm_Stretch
397;Kneeling Hip Flexor;static;beginner;isolation;;"[""quadriceps""]";"[""quadriceps""]";"[""Kneel on a mat and bring your right knee up so the bottom of your foot is on the floor and extend your left leg out behind you so the top of your foot is on the floor.""; ""Shift your weight forward until you feel a stretch in your hip. Hold for 15 seconds; then repeat for your other side.""]";stretching;"[""Kneeling_Hip_Flexor/0.jpg""; ""Kneeling_Hip_Flexor/1.jpg""]";Kneeling_Hip_Flexor
407;Latissimus Dorsi-SMR;static;beginner;isolation;foam roll;"[""lats""]";[];"[""While lying on the floor; place a foam roll under your back and to one side; just behind your arm pit. This will be your starting position.""; ""Keep the arm of the side being stretched behind and to the side of you as you shift your weight onto your lats; keeping your upper body off of the ground. Hold for 10-30 seconds; and switch sides.""]";stretching;"[""Latissimus_Dorsi-SMR/0.jpg""; ""Latissimus_Dorsi-SMR/1.jpg""]";Latissimus_Dorsi-SMR
427;Looking At Ceiling;static;beginner;isolation;;"[""quadriceps""]";[];"[""Kneel on the floor; holding your heels with both hands.""; ""Lift your buttocks up and forward while bringing your head back to look up at the ceiling; to give an arch in your back.""]";stretching;"[""Looking_At_Ceiling/0.jpg""; ""Looking_At_Ceiling/1.jpg""]";Looking_At_Ceiling
431;Lower Back-SMR;static;beginner;;foam roll;"[""lower back""]";[];"[""In a seated position; place a foam roll under your lower back. Cross your arms in front of you and protract your shoulders. This will be your starting position.""; ""Raise your hips off of the floor and lean back; keeping your weight on your lower back. Now shift your weight slightly to one side; keeping your weight off of the spine and on the muscles to the side of it. Roll over your lower back; holding points of tension for 10-30 seconds. Repeat on the other side.""]";stretching;"[""Lower_Back-SMR/0.jpg""; ""Lower_Back-SMR/1.jpg""]";Lower_Back-SMR
432;Lower Back Curl;static;beginner;;body only;"[""abdominals""]";[];"[""Lie on your stomach with your arms out to your sides. This will be your starting position.""; ""Using your lower back muscles; extend your spine lifting your chest off of the ground. Do not use your arms to push yourself up. Keep your head up during the movement. Repeat for 10-20 repetitions.""]";stretching;"[""Lower_Back_Curl/0.jpg""; ""Lower_Back_Curl/1.jpg""]";Lower_Back_Curl
435;Lying Bent Leg Groin;static;expert;;other;"[""adductors""]";[];"[""Lie on your back with your knees bent and the soles of the feet pressed together. Have your partner hold your knees. This will be your starting position.""; ""Attempt to squeeze your knees together; while your partner prevents any movement from occurring.""; ""After 10-20 seconds; relax your muscles as your partner gently pushes your knees towards the floor. Be sure to inform your helper when the stretch is adequate to prevent injury or overstretching.""]";stretching;"[""Lying_Bent_Leg_Groin/0.jpg""; ""Lying_Bent_Leg_Groin/1.jpg""]";Lying_Bent_Leg_Groin
441;Lying Crossover;static;expert;;body only;"[""abductors""]";[];"[""Lie on your back with your legs extended.""; ""Cross one leg over your body with the knee bent; attempting to touch the knee to the ground. Your partner should kneel beside you; holding your shoulder down with one hand and controlling the crossed leg with the other. this will be your starting position.""; ""Attempt to raise the bent knee off of the ground as your partner prevents any actual movement.""; ""After 10-20 seconds; relax the leg as your partner gently presses the knee towards the floor. Repeat with the other side.""]";stretching;"[""Lying_Crossover/0.jpg""; ""Lying_Crossover/1.jpg""]";Lying_Crossover
445;Lying Glute;static;expert;;body only;"[""glutes""]";"[""abductors""]";"[""Lie on your back with your partner kneeling beside you.""; ""Flex the hip of one leg; raising it off of the floor. Rotate the leg so the foot is over the opposite hip; the lower leg perpendicular to your body. Your partner should hold the knee and ankle in place. This will be your starting position.""; ""Attempt to push your leg towards your partner; who should be preventing any actual movement of the leg.""; ""After 10-20 seconds; completely relax as your partner gently pushes the ankle and knee towards your chest. Be sure to inform your helper when the stretch is adequate to prevent injury or overstretching.""]";stretching;"[""Lying_Glute/0.jpg""; ""Lying_Glute/1.jpg""]";Lying_Glute
446;Lying Hamstring;static;expert;;other;"[""hamstrings""]";"[""calves""]";"[""Lie on your back with your legs extended. Your partner should be kneeling beside you. Raise one leg up towards the ceiling and have your partner hold the ankle. Your partner can use their shoulder to brace your leg if necessary. This will be your starting position.""; ""With your partner holding your leg in place; attempt to flex the knee; contracting the hamstrings for 10-20 seconds.""; ""Then relax your leg; allowing your partner to gently push the leg towards your head. Be sure to inform your helper when the stretch is adequate to prevent injury or overstretching. Switch sides once complete.""]";stretching;"[""Lying_Hamstring/0.jpg""; ""Lying_Hamstring/1.jpg""]";Lying_Hamstring
465;Middle Back Stretch;static;beginner;isolation;;"[""middle back""]";"[""abdominals""; ""lats""; ""lower back""]";"[""Stand so your feet are shoulder width apart and your hands are on your hips.""; ""Twist at your waist until you feel a stretch. Hold for 10 to 15 seconds; then twist to the other side.""]";stretching;"[""Middle_Back_Stretch/0.jpg""; ""Middle_Back_Stretch/1.jpg""]";Middle_Back_Stretch
476;Neck-SMR;static;intermediate;;other;"[""neck""]";[];"[""Using a muscle roller or a rolling pin; place the roller behind your head and against your neck. Make sure that you do not place the roller directly against the spine; but turned slightly so that the roller is pressed against the muscles to either side of the spine. This will be your starting position.""; ""Starting at the top of your neck; slowly roll down the muscles of your neck; pausing at points of tension for 10-30 seconds.""]";stretching;"[""Neck-SMR/0.jpg""; ""Neck-SMR/1.jpg""]";Neck-SMR
481;On-Your-Back Quad Stretch;static;beginner;isolation;other;"[""quadriceps""]";[];"[""Lie on a flat bench or step; and hang one leg and arm over the side.""; ""Bend the knee and hold the top of the foot. As you do this; be careful not to arch your lower back.""; ""Pull the belly button to the spine to stay in neutral. Press your foot down and into your hand. To add the hip stretch; lift the hip of the leg you're holding up toward the ceiling.""; ""Switch sides.""]";stretching;"[""On-Your-Back_Quad_Stretch/0.jpg""; ""On-Your-Back_Quad_Stretch/1.jpg""]";On-Your-Back_Quad_Stretch
482;On Your Side Quad Stretch;static;beginner;isolation;;"[""quadriceps""]";[];"[""Start off by lying on your right side; with your right knee bent at a 90-degree angle resting on the floor in front of you (this stabilizes the torso).""; ""Bend your left knee behind you and hold your left foot with your left hand. To stretch your hip flexor; press your left hip forward as you push your left foot back into your hand. Switch sides.""]";stretching;"[""On_Your_Side_Quad_Stretch/0.jpg""; ""On_Your_Side_Quad_Stretch/1.jpg""]";On_Your_Side_Quad_Stretch
506;One Arm Against Wall;static;beginner;isolation;;"[""lats""]";[];"[""From a standing position; place a bent arm against a wall or doorway.""; ""Slowly lean toward your arm until you feel a stretch in your lats.""]";stretching;"[""One_Arm_Against_Wall/0.jpg""; ""One_Arm_Against_Wall/1.jpg""]";One_Arm_Against_Wall
514;One Half Locust;static;beginner;;;"[""quadriceps""]";"[""abdominals""; ""biceps""; ""chest""]";"[""Lie facedown on the floor.""; ""Put your left hand under your left hipbone to pad your hip and pubic bone.""; ""Bend your right knee so you can hold the foot in your right hand.""; ""Lift the foot in the air and simultaneously lift your shoulders off the floor. This also stretches the right hip flexor and the chest and shoulders. Switch sides. If it doesn't bother your back; you can try it with both arms and legs at the same time.""]";stretching;"[""One_Half_Locust/0.jpg""; ""One_Half_Locust/1.jpg""]";One_Half_Locust
515;One Handed Hang;static;beginner;;other;"[""lats""]";"[""biceps""]";"[""Grab onto a chinup bar with one hand; using a pronated grip. Keep your feet on the floor or a step. Allow the majority of your weight to hang from that hand; while keeping your feet on the ground. Hold for 10-20 seconds and switch sides.""]";stretching;"[""One_Handed_Hang/0.jpg""; ""One_Handed_Hang/1.jpg""]";One_Handed_Hang
516;One Knee To Chest;static;beginner;compound;;"[""glutes""]";"[""hamstrings""; ""lower back""]";"[""Start off by lying on the floor.""; ""Extend one leg straight and pull the other knee to your chest. Hold under the knee joint to protect the kneecap.""; ""Gently tug that knee toward your nose.""; ""Switch sides. This stretches the buttocks and lower back of the bent leg and the hip flexor of the straight leg.""]";stretching;"[""One_Knee_To_Chest/0.jpg""; ""One_Knee_To_Chest/1.jpg""]";One_Knee_To_Chest
521;Overhead Lat;static;expert;;other;"[""lats""]";"[""triceps""]";"[""Sit upright on the floor with your partner behind you. Raise one arm straight up; and flex the elbow; attempting to touch your hand to your back. Your parner should hold your tricep and wrist. This will be your starting position.""; ""Attempt to pull your upper arm to your side as your partner prevents you from doing actually doing so.""; ""After 10-20 seconds; relax the arm and allow your partner to further stretch the lat by applying gentle pressure to the tricep. Hold for 10-20 seconds; and then switch sides.""]";stretching;"[""Overhead_Lat/0.jpg""; ""Overhead_Lat/1.jpg""]";Overhead_Lat
524;Overhead Stretch;static;beginner;compound;;"[""abdominals""]";"[""chest""; ""forearms""; ""lats""; ""triceps""]";"[""Standing straight up; lace your fingers together and open your palms to the ceiling. Keep your shoulders down as you extend your arms up.""; ""To create a full torso stretch; pull your tailbone down and stabilize your torso as you do this. Stretch the muscles on both the front and the back of the torso.""]";stretching;"[""Overhead_Stretch/0.jpg""; ""Overhead_Stretch/1.jpg""]";Overhead_Stretch
525;Overhead Triceps;static;expert;;body only;"[""triceps""]";"[""lats""]";"[""Sit upright on the floor with your partner behind you. Raise one arm straight up; and flex the elbow; attempting to touch your hand to your back. Your parner should hold your elbow and wrist. This will be your starting position.""; ""Attempt to extend the arm straight into the air as your partner prevents you from doing actually doing so.""; ""After 10-20 seconds; relax the arm and allow your partner to further stretch the tricep by applying gentle pressure to the wrist. Hold for 10-20 seconds; and then switch sides.""]";stretching;"[""Overhead_Triceps/0.jpg""; ""Overhead_Triceps/1.jpg""]";Overhead_Triceps
533;Pelvic Tilt Into Bridge;static;intermediate;compound;;"[""lower back""]";[];"[""Lie down with your feet on the floor; heels directly under your knees.""; ""Lift only your tailbone to the ceiling to stretch your lower back. (Don't lift the entire spine yet.) Pull in your stomach.""; ""To go into a bridge; lift the entire spine except the neck.""]";stretching;"[""Pelvic_Tilt_Into_Bridge/0.jpg""; ""Pelvic_Tilt_Into_Bridge/1.jpg""]";Pelvic_Tilt_Into_Bridge
534;Peroneals-SMR;static;intermediate;;foam roll;"[""calves""]";[];"[""Lay on your side; supporting your weight on your forearm and on a foam roller placed on the outside of your lower leg. Your upper leg can either be on top of your lower leg; or you can cross it in front of you. This will be your starting position.""; ""Raise your hips off of the ground and begin to roll from below the knee to above the ankle on the side of your leg; pausing at points of tension for 10-30 seconds. Repeat on the other leg.""]";stretching;"[""Peroneals-SMR/0.jpg""; ""Peroneals-SMR/1.jpg""]";Peroneals-SMR
535;Peroneals Stretch;static;intermediate;;other;"[""calves""]";[];"[""In a seated position; loop a belt; rope; or band around one foot. This will be your starting position.""; ""With the leg extended and the heel off of the ground; pull on the belt so that the foot is inverted; with the inside of the foot being pulled towards you. Hold for 10-20 seconds; and then switch sides.""]";stretching;"[""Peroneals_Stretch/0.jpg""; ""Peroneals_Stretch/1.jpg""]";Peroneals_Stretch
538;Piriformis-SMR;static;intermediate;isolation;foam roll;"[""glutes""]";[];"[""Sit with your buttocks on top of a foam roll. Bend your knees; and then cross one leg so that the ankle is over the knee. This will be your starting position.""; ""Shift your weight to the side of the crossed leg; rolling over the buttocks until you feel tension in your upper glute. You may assist the stretch by using one hand to pull the bent knee towards your chest. Hold this position for 10-30 seconds; and then switch sides.""]";stretching;"[""Piriformis-SMR/0.jpg""; ""Piriformis-SMR/1.jpg""]";Piriformis-SMR
539;Plank;static;beginner;isolation;body only;"[""abdominals""]";[];"[""Get into a prone position on the floor; supporting your weight on your toes and your forearms. Your arms are bent and directly below the shoulder.""; ""Keep your body straight at all times; and hold this position as long as possible. To increase difficulty; an arm or leg can be raised.""]";strength;"[""Plank/0.jpg""; ""Plank/1.jpg""]";Plank
540;Plate Pinch;static;intermediate;isolation;other;"[""forearms""]";[];"[""Grab two wide-rimmed plates and put them together with the smooth sides facing outward""; ""Use your fingers to grip the outside part of the plate and your thumb for the other side thus holding both plates together. This is the starting position.""; ""Squeeze the plate with your fingers and thumb. Hold this position for as long as you can.""; ""Repeat for the recommended amount of sets prescribed in your program.""; ""Switch arms and repeat the movements.""]";strength;"[""Plate_Pinch/0.jpg""; ""Plate_Pinch/1.jpg""]";Plate_Pinch
546;Posterior Tibialis Stretch;static;intermediate;;other;"[""calves""]";[];"[""In a seated position; loop a belt; rope; or band around one foot. This will be your starting position.""; ""With the leg extended and the heel off of the ground; pull on the belt so that the foot is everted; with the outside of the foot being pulled towards you. Hold for 10-20 seconds; and then switch sides.""]";stretching;"[""Posterior_Tibialis_Stretch/0.jpg""; ""Posterior_Tibialis_Stretch/1.jpg""]";Posterior_Tibialis_Stretch
557;Prone Manual Hamstring;static;beginner;isolation;;"[""hamstrings""]";[];"[""You will need a partner for this exercise. Lay face down with your legs straight. Your assistant will place their hand on your heel.""; ""To begin; flex the knee to curl your leg up. Your partner should provide resistance; starting light and increasing the pressure as the movement is completed. Communicate with your partner to monitor appropriate resistance levels.""; ""Pause at the top; returning the leg to the starting position as your partner provides resistance going the other direction.""]";strength;"[""Prone_Manual_Hamstring/0.jpg""; ""Prone_Manual_Hamstring/1.jpg""]";Prone_Manual_Hamstring
570;Pyramid;static;beginner;;exercise ball;"[""lower back""]";"[""shoulders""]";"[""Start off by rolling your torso forward onto the ball so your hips rest on top of the ball and become the highest point of your body.""; ""Rest your hands and feet on the floor. Your arms and legs can be slightly bent or straight; depending on the size of the ball; your flexibility; and the length of your limbs. This also helps develop stabilizing strength in your torso and shoulders.""]";stretching;"[""Pyramid/0.jpg""; ""Pyramid/1.jpg""]";Pyramid
571;Quad Stretch;static;intermediate;;other;"[""quadriceps""]";[];"[""Lay on your side. Loop a belt; rope; or band around your top foot. Flex the knee and extend your hip; attempting to touch your glutes with your foot; and holding the belt with your hands. This will be your starting position.""; ""With the belt being held over the shoulder or overhead; gently pull to increase the stretch in the quadriceps. Hold for 10-20 seconds; and then switch sides.""]";stretching;"[""Quad_Stretch/0.jpg""; ""Quad_Stretch/1.jpg""]";Quad_Stretch
572;Quadriceps-SMR;static;intermediate;isolation;foam roll;"[""quadriceps""]";[];"[""Lay facedown on the floor with your weight supported by your hands or forearms. Place a foam roll underneath one leg on the quadriceps; and keep the foot off of the ground. Make sure to relax the leg as much as possible. This will be your starting position.""; ""Shifting as much weight onto the leg to be stretched as is tolerable; roll over the foam from above the knee to below the hip; holding points of tension for 10-30 seconds. Switch sides.""]";stretching;"[""Quadriceps-SMR/0.jpg""; ""Quadriceps-SMR/1.jpg""]";Quadriceps-SMR
597;Rhomboids-SMR;static;intermediate;;foam roll;"[""middle back""]";"[""traps""]";"[""Lay down with your back on the floor. Place a foam roll underneath your upper back; and cross your arms in front of you; protracting your shoulders. This will be your starting position.""; ""Raise your hips off of the ground; placing your weight onto the foam roll. Shift your weight to one side at a time; rolling over your middle and upper back. Pause at points of tension for 10-30 seconds.""]";stretching;"[""Rhomboids-SMR/0.jpg""; ""Rhomboids-SMR/1.jpg""]";Rhomboids-SMR
610;Round The World Shoulder Stretch;static;beginner;;other;"[""shoulders""]";"[""biceps""; ""chest""]";"[""Stand up straight with your legs together; holding a bodybar or broomstick.""; ""Hold the pole behind your hips with a wider than shoulder width grip. Your palms should be down and your thumbs facing out.""; ""Slowly lift your arms up behind your head. Don't force it if it gets hard to lift further.""]";stretching;"[""Round_The_World_Shoulder_Stretch/0.jpg""; ""Round_The_World_Shoulder_Stretch/1.jpg""]";Round_The_World_Shoulder_Stretch
612;Runner's Stretch;static;beginner;;;"[""hamstrings""]";"[""calves""]";"[""It's easiest to get into this stretch if you start standing up; put one leg behind you; and slowly lower your torso down to the floor.""; ""Keep the front heel on the floor (if it lifts up; scoot your other leg further back).""; ""Place your hands on either side of your front leg. To get more out of this stretch; push your butt up toward the ceiling; and then gradually lower it back toward the floor. You'll Stretch the hip flexor of the back leg and the hamstring and buttocks of the front.""]";stretching;"[""Runners_Stretch/0.jpg""; ""Runners_Stretch/1.jpg""]";Runners_Stretch
625;Seated Biceps;static;expert;isolation;body only;"[""biceps""]";"[""chest""; ""shoulders""]";"[""Sit on the floor with your knees bent and your partner standing behind you. Extend your arms straight behind you with your palms facing each other. Your partner will hold your wrists for you. This will be the starting position.""; ""Attempt to flex your elbows; while your partner prevents any actual movement.""; ""After 10-20 seconds; relax your arms while your partner gently pulls your wrists up to stretch your biceps. Be sure to let your partner know when the stretch is appropriate to prevent injury or overstretching.""]";stretching;"[""Seated_Biceps/0.jpg""; ""Seated_Biceps/1.jpg""]";Seated_Biceps
629;Seated Calf Stretch;static;beginner;;;"[""calves""]";"[""hamstrings""; ""lower back""]";"[""Sit up straight on an exercise mat.""; ""Bend one knee and put that foot on the floor to stabilize the torso.""; ""Straighten your other leg and flex your ankle.""; ""Using a band; towel; or your hand if you can reach; pull the toes toward you. Hold for 10 to 20 seconds; then switch sides.""]";stretching;"[""Seated_Calf_Stretch/0.jpg""; ""Seated_Calf_Stretch/1.jpg""]";Seated_Calf_Stretch
637;Seated Floor Hamstring Stretch;static;beginner;;;"[""hamstrings""]";"[""calves""]";"[""Sit on a mat with your right leg extended in front of you and your left leg bent with your foot against your right inner thigh.""; ""Lean forward from your hips and reach for your ankle until you feel a stretch in your hamstring. Hold for 15 seconds; then repeat for your other side.""]";stretching;"[""Seated_Floor_Hamstring_Stretch/0.jpg""; ""Seated_Floor_Hamstring_Stretch/1.jpg""]";Seated_Floor_Hamstring_Stretch
638;Seated Front Deltoid;static;expert;;body only;"[""shoulders""]";"[""chest""]";"[""Sit upright on the floor with your legs bent; your partner standing behind you. Stick your arms straight out to your sides; with your palms facing the ground. Attempt to move them as far behind you as possible; as your assistant holds your wrists. This will be your starting position.""; ""Keeping your elbows straight; attempt to move your arms to the front; with your partner gently restraining you to prevent any actual movement for 10-20 seconds.""; ""Now; relax your muscles and allow your partner to gently increase the stretch on the shoulders and chest. Hold for 10 to 20 seconds.""]";stretching;"[""Seated_Front_Deltoid/0.jpg""; ""Seated_Front_Deltoid/1.jpg""]";Seated_Front_Deltoid
639;Seated Glute;static;expert;;body only;"[""glutes""]";"[""adductors""]";"[""In a seated position with your knees bent; cross one ankle over the opposite knee. Your partner will stand behind you. Now; lean forward as your partner braces your shoulders with their hands. This will be your starting position.""; ""Attempt to push your torso back for 10-20 seconds; as your partner prevents any actual movement of your torso.""; ""Now relax your muscles as your partner increases the stretch by gently pushing your torso forward for 10-20 seconds.""]";stretching;"[""Seated_Glute/0.jpg""; ""Seated_Glute/1.jpg""]";Seated_Glute
641;Seated Hamstring;static;expert;;;"[""hamstrings""]";"[""calves""]";"[""In a seated position with your legs extended; have your partner stand behind you. Now; lean forward as your partner braces your shoulders with their hands. This will be your starting position.""; ""Attempt to push your torso back for 10-20 seconds; as your partner prevents any actual movement of your torso.""; ""Now relax your muscles as your partner increases the stretch by gently pushing your torso forward for 10-20 seconds.""]";stretching;"[""Seated_Hamstring/0.jpg""; ""Seated_Hamstring/1.jpg""]";Seated_Hamstring
642;Seated Hamstring and Calf Stretch;static;intermediate;;other;"[""hamstrings""]";"[""calves""]";"[""Loop a belt; rope; or band around one foot. Sit down with both legs extended . This will be your starting position.""; ""Leaning forward slightly; pull on the belt to draw the toes of your foot back. Hold this position for 10-20 seconds and then repeat with the other leg.""]";stretching;"[""Seated_Hamstring_and_Calf_Stretch/0.jpg""; ""Seated_Hamstring_and_Calf_Stretch/1.jpg""]";Seated_Hamstring_and_Calf_Stretch
649;Seated Overhead Stretch;static;beginner;isolation;;"[""abdominals""]";[];"[""Sit up straight on an exercise mat.""; ""Touch the soles of your feet together with your feet six to eight inches in front of your hips.""; ""Place one hand on the floor beside you and your other hand behind your head.""; ""Lift your elbow to the ceiling as you incline your torso to the other side. Hold for 10 to 20 seconds; then switch sides.""]";stretching;"[""Seated_Overhead_Stretch/0.jpg""; ""Seated_Overhead_Stretch/1.jpg""]";Seated_Overhead_Stretch
661;Side-Lying Floor Stretch;static;beginner;;;"[""lats""]";[];"[""First lie on your left side; bending your left knee in front of you to stabilize your torso (use your abdominal muscles as well to hold you upright).""; ""Straighten your right leg and rest the right foot on the floor behind your left. Straighten your right arm over your head and gently pull on your right wrist to stretch the entire right side of the body. Switch sides.""]";stretching;"[""Side-Lying_Floor_Stretch/0.jpg""; ""Side-Lying_Floor_Stretch/1.jpg""]";Side-Lying_Floor_Stretch
662;Side Bridge;static;beginner;;body only;"[""abdominals""]";"[""shoulders""]";[];strength;"[""Side_Bridge/0.jpg""; ""Side_Bridge/1.jpg""]";Side_Bridge
668;Side Lying Groin Stretch;static;beginner;isolation;;"[""adductors""]";"[""hamstrings""]";"[""Start off by lying on your right side and bend your right knee in front of you to stabilize the torso.""; ""Rest your head on your right hand or shoulder. Lift your left leg upward and hold it by the back of the knee (easier) or the foot (harder).""; ""Pull your left knee in toward your left shoulder and simultaneously press your foot or knee down to the floor. To intensify this stretch; straighten your left leg. Switch sides.""]";stretching;"[""Side_Lying_Groin_Stretch/0.jpg""; ""Side_Lying_Groin_Stretch/1.jpg""]";Side_Lying_Groin_Stretch
669;Side Neck Stretch;static;beginner;isolation;;"[""neck""]";[];"[""Start with your shoulders relaxed; gently tilt your head towards your shoulder.""; ""Assist stretch with a gentle pull on the side of the head.""]";stretching;"[""Side_Neck_Stretch/0.jpg""; ""Side_Neck_Stretch/1.jpg""]";Side_Neck_Stretch
672;Side Wrist Pull;static;beginner;isolation;;"[""shoulders""]";"[""forearms""; ""lats""]";"[""This stretch works best standing. Cross your left arm over the midline of your body and hold the left wrist in your right hand down at the level of your hips. Start the stretch with a bent left arm.""; ""Slowly straighten; pull; and lift it up to shoulder height; as pictured. Feel this stretch originate in your back; not your shoulders; and don't pull too hard on the shoulders joint. Switch sides.""]";stretching;"[""Side_Wrist_Pull/0.jpg""; ""Side_Wrist_Pull/1.jpg""]";Side_Wrist_Pull
728;Spinal Stretch;static;beginner;isolation;;"[""middle back""]";"[""lats""; ""lower back""; ""neck""; ""traps""]";"[""Sit in a chair so your back is straight and your feet planted on the floor.""; ""Interlace your fingers behind your head; elbows out and your chin down.""; ""Twist your upper body to one side about 3 times as far as you can. Then lean forward and twist your torso to reach your elbow to the floor on the inside of your knee.""; ""Return to upright position and then repeat for your other side.""]";stretching;"[""Spinal_Stretch/0.jpg""; ""Spinal_Stretch/1.jpg""]";Spinal_Stretch
747;Standing Biceps Stretch;static;beginner;isolation;other;"[""biceps""]";"[""chest""; ""shoulders""]";"[""Clasp your hands behind your back with your palms together; straighten arms and then rotate them so your palms face downward.""; ""Raise your arms up and hold until you feel a stretch in your biceps.""]";stretching;"[""Standing_Biceps_Stretch/0.jpg""; ""Standing_Biceps_Stretch/1.jpg""]";Standing_Biceps_Stretch
760;Standing Elevated Quad Stretch;static;beginner;;other;"[""quadriceps""]";[];"[""Start by standing with your back about two to three feet away from a bench or step.""; ""Lift one leg behind you and rest your foot on the step;either on your instep or the ball of your foot; whichever you find most comfortable.""; ""Keep your supporting knee slightly bent and avoid letting that knee extend out beyond your toes. Switch sides.""]";stretching;"[""Standing_Elevated_Quad_Stretch/0.jpg""; ""Standing_Elevated_Quad_Stretch/1.jpg""]";Standing_Elevated_Quad_Stretch
762;Standing Gastrocnemius Calf Stretch;static;beginner;;;"[""calves""]";"[""hamstrings""]";"[""Place your right heel on a step with your knee extended and lean forward to grab your right toe with your right hand. Your left knee should be slightly bent and your back should be straight.""; ""Support your weight on your left leg and place your left hand on your left thigh.""; ""Pull your right toes toward your knee until you feel a stretch in your calf.""]";stretching;"[""Standing_Gastrocnemius_Calf_Stretch/0.jpg""; ""Standing_Gastrocnemius_Calf_Stretch/1.jpg""]";Standing_Gastrocnemius_Calf_Stretch
763;Standing Hamstring and Calf Stretch;static;beginner;;other;"[""hamstrings""]";[];"[""Being by looping a belt; band; or rope around one foot. While standing; place that foot forward.""; ""Bend your back leg; while keeping the front one straight. Now raise the toes of your front foot off of the ground and lean forward.""; ""Using the belt; pull on the top of the foot to increase the stretch in the calf. Hold for 10-20 seconds and repeat with the other foot.""]";stretching;"[""Standing_Hamstring_and_Calf_Stretch/0.jpg""; ""Standing_Hamstring_and_Calf_Stretch/1.jpg""]";Standing_Hamstring_and_Calf_Stretch
765;Standing Hip Flexors;static;beginner;isolation;;"[""quadriceps""]";[];"[""Stand up straight with the spine vertical; the left foot slightly in front of the right.""; ""Bend both knees and lift the back heel off the floor as you press the right hip forward. You can't get a thorough; deep stretch in this position; however; because it's hard to relax the hip flexor and stand on it at the same time. Switch sides.""]";stretching;"[""Standing_Hip_Flexors/0.jpg""; ""Standing_Hip_Flexors/1.jpg""]";Standing_Hip_Flexors
767;Standing Lateral Stretch;static;beginner;;;"[""abdominals""]";[];"[""Take a slightly wider than hip distance stance with your knees slightly bent.""; ""Place your right hand on your right hip to support the spine.""; ""Raise your left arm in a vertical line and place your left hand behind your head. Keep it there as you incline your torso to the right.""; ""Keep your weight evenly distributed between both legs (don't lean into your left hip). Switch sides.""]";stretching;"[""Standing_Lateral_Stretch/0.jpg""; ""Standing_Lateral_Stretch/1.jpg""]";Standing_Lateral_Stretch
773;Standing Olympic Plate Hand Squeeze;static;beginner;isolation;other;"[""forearms""]";"[""biceps""]";"[""To begin; stand straight while holding a weight plate by the ridge at arm's length in each hand using a neutral grip (palms facing in). You feet should be shoulder width apart from each other. This will be your starting position.""; ""Lower the plates until the fingers are nearly extended but can still hold weights. Inhale as you lower the plates.""; ""Now raise the plates back to the starting position as you exhale by closing your hands.""; ""Repeat for the recommended amount of repetitions prescribed in your program.""]";strength;"[""Standing_Olympic_Plate_Hand_Squeeze/0.jpg""; ""Standing_Olympic_Plate_Hand_Squeeze/1.jpg""]";Standing_Olympic_Plate_Hand_Squeeze
781;Standing Pelvic Tilt;static;beginner;isolation;;"[""lower back""]";"[""glutes""]";"[""Start off with your feet hip-distance apart.""; ""Bend your knees slightly to keep them soft and springy.""; ""You may want to move your pelvis forward and backward and back few times before holding the tailbone forward in this stretch.""]";stretching;"[""Standing_Pelvic_Tilt/0.jpg""; ""Standing_Pelvic_Tilt/1.jpg""]";Standing_Pelvic_Tilt
783;Standing Soleus And Achilles Stretch;static;beginner;isolation;;"[""calves""]";[];"[""Stand with your feet hip-distance apart; one foot slightly in front of the other.""; ""Bend both knees; keeping your back heel on the floor. Switch sides.""]";stretching;"[""Standing_Soleus_And_Achilles_Stretch/0.jpg""; ""Standing_Soleus_And_Achilles_Stretch/1.jpg""]";Standing_Soleus_And_Achilles_Stretch
784;Standing Toe Touches;static;beginner;;;"[""hamstrings""]";"[""calves""]";"[""Stand with some space in front and behind you.""; ""Bend at the waist; keeping your legs straight; until you can relax and let your upper body hang down in front of you. Let your arms and hands hang down naturally. Hold for 10 to 20 seconds.""]";stretching;"[""Standing_Toe_Touches/0.jpg""; ""Standing_Toe_Touches/1.jpg""]";Standing_Toe_Touches
793;Stomach Vacuum;static;beginner;isolation;body only;"[""abdominals""]";[];"[""To begin; stand straight with your feet shoulder width apart from each other. Place your hands on your hips. This is the starting position.""; ""Now slowly inhale as much air as possible and then start to exhale as much as possible while bringing your stomach in as much as possible and hold this position. Try to visualize your navel touching your backbone.""; ""One isometric contraction is around 20 seconds. During the 20 second hold; try to breathe normally. Then inhale and bring your stomach back to the starting position.""; ""Once you have practiced this exercise; try to perform this exercise for longer than 20 seconds. Tip: You can work your way up to 40-60 seconds.""; ""Repeat for the recommended amount of sets.""]";stretching;"[""Stomach_Vacuum/0.jpg""; ""Stomach_Vacuum/1.jpg""]";Stomach_Vacuum
802;Superman;static;beginner;compound;body only;"[""lower back""]";"[""glutes""; ""hamstrings""]";"[""To begin; lie straight and face down on the floor or exercise mat. Your arms should be fully extended in front of you. This is the starting position.""; ""Simultaneously raise your arms; legs; and chest off of the floor and hold this contraction for 2 seconds. Tip: Squeeze your lower back to get the best results from this exercise. Remember to exhale during this movement. Note: When holding the contracted position; you should look like superman when he is flying.""; ""Slowly begin to lower your arms; legs and chest back down to the starting position while inhaling.""; ""Repeat for the recommended amount of repetitions prescribed in your program.""]";stretching;"[""Superman/0.jpg""; ""Superman/1.jpg""]";Superman
814;The Straddle;static;beginner;;;"[""hamstrings""]";"[""adductors""; ""calves""]";"[""Begin in a seated; upright position. Start by extending your legs in front of you in a V.""; ""With your hands on the floor; lean forward as far as possible. Hold for 10 to 20 seconds.""]";stretching;"[""The_Straddle/0.jpg""; ""The_Straddle/1.jpg""]";The_Straddle
823;Tricep Side Stretch;static;beginner;;;"[""triceps""]";"[""shoulders""]";"[""Bring right arm across your body and over your left shoulder; holding your elbow with your left hand; until you feel a stretch in your tricep. Then repeat for your other arm.""]";stretching;"[""Tricep_Side_Stretch/0.jpg""; ""Tricep_Side_Stretch/1.jpg""]";Tricep_Side_Stretch
828;Triceps Stretch;static;beginner;isolation;;"[""triceps""]";"[""lats""]";"[""Reach your hand behind your head; grasp your elbow and gently pull. Hold for 10 to 20 seconds; then switch sides.""]";stretching;"[""Triceps_Stretch/0.jpg""; ""Triceps_Stretch/1.jpg""]";Triceps_Stretch
836;Upper Back-Leg Grab;static;beginner;;;"[""hamstrings""]";"[""lower back""; ""middle back""]";"[""While seated; bend forward to hug your thighs from underneath with both arms.""; ""Keep your knees together and your legs extended out as you bring your chest down to your knees. You can also stretch your middle back by pulling your back away from your knees as your hugging them.""]";stretching;"[""Upper_Back-Leg_Grab/0.jpg""; ""Upper_Back-Leg_Grab/1.jpg""]";Upper_Back-Leg_Grab
837;Upper Back Stretch;static;beginner;;;"[""middle back""]";"[""middle back""]";"[""Clasp fingers together with your thumbs pointing down; round your shoulders as you reach your hands forward.""]";stretching;"[""Upper_Back_Stretch/0.jpg""; ""Upper_Back_Stretch/1.jpg""]";Upper_Back_Stretch
841;Upward Stretch;static;beginner;;;"[""shoulders""]";"[""chest""; ""lats""]";"[""Extend both hands straight above your head; palms touching.""; ""Slowly push your hands up and back; keeping your back straight.""]";stretching;"[""Upward_Stretch/0.jpg""; ""Upward_Stretch/1.jpg""]";Upward_Stretch
866;World's Greatest Stretch;static;intermediate;;;"[""hamstrings""]";"[""calves""; ""glutes""; ""quadriceps""]";"[""This is a three-part stretch. Begin by lunging forward; with your front foot flat on the ground and on the toes of your back foot. With your knees bent; squat down until your knee is almost touching the ground. Keep your torso erect; and hold this position for 10-20 seconds.""; ""Now; place the arm on the same side as your front leg on the ground; with the elbow next to the foot. Your other hand should be placed on the ground; parallel to your lead leg; to help support you during this portion of the stretch.""; ""After 10-20 seconds; place your hands on either side of your front foot. Raise the toes of the front foot off of the ground; and straighten your leg. You may need to reposition your rear leg to do so. Hold for 10-20 seconds; and then repeat the entire sequence for the other side.""]";stretching;"[""Worlds_Greatest_Stretch/0.jpg""; ""Worlds_Greatest_Stretch/1.jpg""]";Worlds_Greatest_Stretch
